Title,Title_url, Price 
ESTUFA EMPOTRABLE NISATO 36 NPCT-90PRODM  ACERO,https://raenco.com/departamentos/hogar/linea-blanca/est-emp-nisato-36-npct-90prodm-acero.html, $249.00 
SECADORA GAS SAMSUNG DV22R6270PW 22KG BLANCA,https://raenco.com/departamentos/hogar/linea-blanca/secadora-gas-sams-dv22r6270pw-22kg-blanca.html, $689.00 
REFRIGERADORA ACROS AT1330D 13PC GRIS C/DECORADO,https://raenco.com/departamentos/hogar/linea-blanca/ref-acros-at1330d-13pc-gris-c-decorado.html, $429.00 
CALENTADOR DE AGUA ELECTRICO LASER M/L 85,https://raenco.com/departamentos/hogar/linea-blanca/calentador-de-agua-electrico-laser-m-l-85.html, $249.00 
LAVADORA / SECADORA LG 20KG/11KG WD20WV2S6 BLANCA,https://raenco.com/departamentos/hogar/linea-blanca/lav-sec-lg-wd20wv2s6-20kg-11kg-blanca.html," $1,099.00 "
REFRIGERADORA LG LS87MDP 29PC SXS SILVER S/DIS. DOOR IN DOOR,https://raenco.com/departamentos/hogar/linea-blanca/ref-lg-ls87mdp-29pc-sxs-s-dis-door-in-door-silver.html," $1,999.00 "
SECADORA GAS SAMSUNG DV20T6000PW 20KG BLANCA,https://raenco.com/departamentos/hogar/linea-blanca/secadora-gas-sams-dv20t6000pw-20kg-blanca.html, $639.00 
EST.ELEC. SANKEY ES-101 1QUEM.,https://raenco.com/departamentos/hogar/linea-blanca/est-elec-sankey-es-101-1quem.html, $9.95 
SECADORA GAS SAMSUNG DV22R6270PP 22KG GRIS,https://raenco.com/departamentos/hogar/linea-blanca/secadora-gas-sams-dv22r6270pp-22kg-gris.html, $759.00 
REFRIGERADORA SAMSUNG RS27T5561B1 27PC SXS F.HUB C/DISP NEG. INV.,https://raenco.com/departamentos/hogar/linea-blanca/ref-sams-rs27t5561b1-27pc-sxs-f-hub-c-disp-neg-inv.html," $2,299.00 "
REFRIGERADORA LG GT32WDC 11PC INVERTER C/DISP SILVER,https://raenco.com/departamentos/hogar/linea-blanca/ref-lg-gt32wdc-11pc-inverter-c-disp-silver.html, $549.00 
SECADORA GAS MABE SMG47N8MSBAB0 22KG BLCA.,https://raenco.com/departamentos/hogar/linea-blanca/secadora-gas-mabe-smg47n8msbab0-22kg-blca.html, $449.00 
ESTUFA GAS INDURAMA MONACO 30'' 5QUEM. ACERO,https://raenco.com/departamentos/hogar/linea-blanca/est-gas-indur-monaco-30-5quem-acero.html, $689.00 
REFRIGERADORA WHIRLPOOL WT1433K 14PC C/DISP. P/REVERSIBLES GRIS,https://raenco.com/departamentos/hogar/linea-blanca/ref-whp-wt1433k-14pc-c-disp-p-reversibles-gris.html, $539.00 
HORNO ELECTRICO NISATO 24” NPH-2402 EXDM ACERO C/ROSTIZADOR,https://raenco.com/departamentos/hogar/linea-blanca/horno-electrico-nisato-24-nph-2402-exdm-acero-c-rostizador.html, $229.00 
CENTRO LAVADO WHIRPOOL ELECTRICO 7MWET4027HW,https://raenco.com/departamentos/hogar/linea-blanca/cent-lav-whp-elec-7mwet4027hw-20kls.html, $999.00 
LAVADORA SAMSUNG WA19T6260BW 19KG INV.BLANCA,https://raenco.com/departamentos/hogar/linea-blanca/lav-sams-wa19t6260bw-19kg-inv-blanca.html, $469.00 
SECADORA GAS LG DF22VV2SB 22KLS C FRONTAL SILVER,https://raenco.com/departamentos/hogar/linea-blanca/secadora-gas-lg-df22vv2sb-22kls-c-frontal-silver.html, $899.00 
REFRIGERADORA WHIRLPOOL WT1865A 18 PIES CUBICOS,https://raenco.com/departamentos/hogar/linea-blanca/ref-whp-wt1865a-18pc-aceroc-disp.html, $699.00 
REFRIGERADORA WHIRLPOOL WT1756A 17PC C/DISP. ACERO,https://raenco.com/departamentos/hogar/linea-blanca/ref-whp-wt1756a-17pc-c-disp-acero.html, $629.00 
ENFRIADOR NISATO NRE-35DDIC 1000LTS.35PC,https://raenco.com/departamentos/hogar/linea-blanca/enfriador-nisato-nre-35ddic-1000lts-35pc.html," $1,139.00 "
REFRIGERADORA LG  LT47WGP 17 PIES CUBICOS SILVER,https://raenco.com/departamentos/hogar/linea-blanca/ref-lg-lt47wgp-17-platinum-silver-c-disp.html, $799.00 
ESTUFA EMPOTRABLE A GAS DRIJA 36 TOSCANA 90 VIDRIO,https://raenco.com/departamentos/hogar/linea-blanca/est-emp-gas-drija-36-toscana-90-vidrio.html, $299.00 
SECADORA A GAS WHP 7MWGD1730JQ 18 KGS,https://raenco.com/departamentos/hogar/linea-blanca/secadora-gas-whp-7mwgd1730jq-18-kgs.html, $469.00 
LAVADORA WHIRPOOL WWI14ASHLS 14KG GRIS,https://raenco.com/departamentos/hogar/linea-blanca/lav-whp-wwi14ashls-14kg-gris.html, $309.00 
ESTUFA A GAS SAMSUNG NX52T3310LV/AP 30 6Q SILVER,https://raenco.com/departamentos/hogar/linea-blanca/est-gas-sams-nx52t3310lv-ap-30-6q-silver.html, $439.00 
REFRIGERADORA LG  LT43WGP 15'' C/DISP PLATINUM SILVER,https://raenco.com/departamentos/hogar/linea-blanca/ref-lg-lt43wgp-15-c-disp-platinum-silver.html, $649.00 
REFRIGERADORA  MABE RMS510IAMRX0 19PC C/DISP. ACERO,https://raenco.com/departamentos/hogar/linea-blanca/ref-mabe-rms510iamrx0-19pc-c-disp-acero.html, $599.00 
REFRIGERADORA MABE RMS400IAMRX0 15 PIES CUBICOS ACERO,https://raenco.com/departamentos/hogar/linea-blanca/ref-mabe-rms400iamrx0-15-c-disp-acero.html, $579.00 
REFRIGERADORA WHIRLPOOL WB1333V 13PC C/DISP. P.DIG. BLACK ACERO,https://raenco.com/departamentos/hogar/linea-blanca/ref-whp-wb1333v-13pc-c-disp-p-dig-black-acero.html, $719.00 
HORNO ELECT. DRIJA EMP. 24 LATINO 60  220V,https://raenco.com/departamentos/hogar/linea-blanca/horno-elect-drija-emp-24-latino-60-220v.html, $289.00 
EXTRACTOR DE GRASA DRIJA 30'' DIAMOND,https://raenco.com/departamentos/hogar/linea-blanca/extract-grasa-drija-30-diamond-t-chimenea-l-led-c-control-neg.html, $289.00 
LAVADORA LG 20KG  C FRONTAL WM20WV26 BLANCA,https://raenco.com/departamentos/hogar/linea-blanca/lav-lg-wm20wv26w-c-frontal-20kg-blanca.html, $849.00 
EXTRACTOR DE GRASA NISATO NPE-77XDM 31 3VEL. FILT/METAL,https://raenco.com/departamentos/hogar/linea-blanca/extract-grasa-nisato-npe-77xdm-31-3vel-filt-metal.html, $84.95 
REFRIGERADORA SAMSUNG RT46K6631BS/AP 16 PIES CUBICOS,https://raenco.com/departamentos/hogar/linea-blanca/ref-sams-rt46k6631bs-ap-16-c-disp-neg.html, $699.00 
"LAVADORA SAMSUNG CARGA FRONTAL WF22R6270AP 22KG GRIS, INVERTER",https://raenco.com/departamentos/hogar/linea-blanca/lav-sams-carga-ftl-wf22r6270ap-22kg-gris-inverter.html, $839.00 
REFRIGERADORA MABE RME1436YMXE0  C/DISP. GRAFITO,https://raenco.com/departamentos/hogar/linea-blanca/ref-mabe-rme1436ymxe0-c-disp-grafito.html, $489.00 
SECADORA GAS WHP 7MWGD2140JB 23KG BLCA. PANEL GRIS,https://raenco.com/departamentos/hogar/linea-blanca/secadora-gas-whp-7mwgd2140jb-23kg-blca-panel-gris.html, $499.00 
ESTUFA EMPOTRABLE GAS NISATO 30 NPCT-76PRODM  ACERO,https://raenco.com/departamentos/hogar/linea-blanca/est-emp-gas-nisato-30-npct-76prodm-acero.html, $229.00 
SECADORA A GAS WHIRLPOOL 7MWGD6621HC 21KG CARGA FTL. GRIS,https://raenco.com/departamentos/hogar/linea-blanca/secadora-gas-whp-7mwgd6621hc-21kg-carga-ftl-gris.html, $749.00 
REFRIGERADORA LG GS65SDP1 22 PIES CUBICOS,https://raenco.com/departamentos/hogar/linea-blanca/ref-lg-gs65sdp1-platinum-silver-22pc-door-in-door-c-disp.html," $1,399.00 "
REFRIGERADORA LG LS65MXN 22PC SXS INSTAVIEW S/DISP. GRIS,https://raenco.com/departamentos/hogar/linea-blanca/ref-lg-ls65mxn-22pc-sxs-instaview-s-disp-gris.html," $1,749.00 "
REFRIGERADORA LG LS65SXN CON DISPENSADOR,https://raenco.com/departamentos/hogar/linea-blanca/ref-lg-ls65sxn-22pc-sxs-instaview-silver-c-disp.html," $1,949.00 "
LAVADORA LG WT17WSB 17KG  BLCA,https://raenco.com/departamentos/hogar/linea-blanca/lav-lg-wt17wsbp-17kg-blca.html, $449.00 
LAVADORA LG 13KG WT13DPBP SILVER,https://raenco.com/departamentos/hogar/linea-blanca/lav-lg-wt13dpbp-13kg-silver.html, $349.00 
LAVADORA LG WT19MBB  19KG SMART INVERTER,https://raenco.com/departamentos/hogar/linea-blanca/lav-lg-wt19mbb-19kg-smart-inverter-gris-oscuro.html, $599.00 
ESTUFA A GAS INDURAMA GALICIA 30'' 6QUEM. ACERO,https://raenco.com/departamentos/hogar/linea-blanca/est-gas-indur-galicia-30-6quem-acero.html, $529.00 
REFRIGERADORA WHIRLPOOL 18PC WT1818A S/DISP ACERO,https://raenco.com/departamentos/hogar/linea-blanca/ref-whp-18pc-wt1818a-s-disp-acero.html, $579.00 
ESTUFA GAS MABE 30 EM7675CFIX1 ACERO P/FUND,https://raenco.com/departamentos/hogar/linea-blanca/est-gas-mabe-30-em7675cfix1-acero-p-fund.html, $399.00 
PURIFICADOR DE AIRE SAMSUNG AX40T3030WM 40MTS BLANCO,https://raenco.com/departamentos/hogar/linea-blanca/purificador-de-aire-samsung-ax40t3030wm-40mts-blanco.html, $399.00 
ESTUFA A GAS MABE 30'' EM7659BFIS0 GRIS 6Q,https://raenco.com/departamentos/hogar/linea-blanca/est-gas-mabe-30-em7659bfis0-gris-6q.html, $329.00 
LAVADORA WHIRLPOOL 8MWTW2224WJM 22KG T/VID. BLCA.,https://raenco.com/departamentos/hogar/linea-blanca/lav-whp-8mwtw2224wjm-22kg-t-vid-blca.html, $549.00 
EXTRACTOR DE GRASA WHIRLPOL WH8010S 32'' ACERO,https://raenco.com/departamentos/hogar/linea-blanca/extract-grasa-whp-wh8010s-32-acero.html, $129.00 
REFRIGERADORA WHIRLPOOL WT9514S 9PC C/DISP.  ACERO,https://raenco.com/departamentos/hogar/linea-blanca/ref-whp-wt9514s-9pc-c-disp-acero.html, $369.00 
ESTUFA GAS WHIRLPOOL 30 WFG505M0BS 5Q PANEL DIGITAL ACERO,https://raenco.com/departamentos/hogar/linea-blanca/est-gas-whp-30-wfg505m0bs-5q-p-digital-acero.html, $759.00 
REFRIGERADORA NISATO NRF-417SSHM 15 PIES CUBICOS  GRIS,https://raenco.com/departamentos/hogar/linea-blanca/ref-nisato-nrf-417sshm-15pc-gris.html, $569.00 
HORNO A GAS NISATO 24” NPH-2401GX PANTALLA PANORAMICA,https://raenco.com/departamentos/hogar/linea-blanca/horno-gas-nisato-24-nph-2401gx-pantalla-panoramica.html, $299.00 
LAVADORA NISATO AUT. NWMA-151MDP 15KG BLANCA,https://raenco.com/departamentos/hogar/linea-blanca/lav-nisato-aut-nwma-151mdp-15kg-blanca.html, $299.00 
REFRIGERADORA WHIRLPOOL WT1431D 14PC ACERO,https://raenco.com/departamentos/hogar/linea-blanca/ref-whp-wt1431d-14pc-acero.html, $489.00 
ESTUFA A GAS EMPOTRABLE DRIJA 30 TOSCANA 76 5Q P/HIERRO VIDRIO,https://raenco.com/departamentos/hogar/linea-blanca/est-emp-gas-drija-30-toscana-76-5q-p-hierro-vidrio.html, $289.00 
HORNO GAS DRIJA 36 AMERICA 90 ACERO,https://raenco.com/departamentos/hogar/linea-blanca/horno-gas-drija-36-america-90-acero.html, $639.00 
EXTRACTOR DE GRASA DRIJA 30'' COMPACTA 76 ACERO,https://raenco.com/departamentos/hogar/linea-blanca/extract-grasa-drija-30-compacta-76-acero-l-led.html, $89.95 
ESTUFA EMPOTRABLE GAS DRIJA  TOSCANA 60,https://raenco.com/departamentos/hogar/linea-blanca/est-emp-gas-drija-24-toscana-60-4q-p-hierro-vidrio.html, $209.95 
EXTRACTOR DE GRASA DRIJA 30'' VETRO 76 T/CHIMENEA,https://raenco.com/departamentos/hogar/linea-blanca/extract-grasa-drija-30-vetro-76-t-chimenea-l-led-c-control-neg.html, $249.00 
LAVADORA SAMSUNG WA17T7G6DWW 17KG BLCA.,https://raenco.com/departamentos/hogar/linea-blanca/lav-sams-wa17t7g6dww-17kg-blca.html, $399.00 
LAVADORA SAMSUNG WA19T7G6DWW 19KG BLCA,https://raenco.com/departamentos/hogar/linea-blanca/lav-sams-wa19t7g6dww-19kg-blca.html, $449.00 
LAVADORA WHIRLPOOL 19KLS 7MWTW1904DM,https://raenco.com/departamentos/hogar/linea-blanca/lav-whp-19kls-7mwtw1904dm.html, $499.00 
ESTUFA EMPOTRABLE NISATO NPCT-851GSDM 30'' 5QUEM. P/HIERRO NEG.,https://raenco.com/departamentos/hogar/linea-blanca/est-emp-nisato-npct-851gsdm-30-5quem-p-hierro-neg.html, $279.00 
ESTUFA GAS HOTLINE 24 HLGR2420 4Q ACERO TAPA VIDRIO E/ELECT,https://raenco.com/departamentos/hogar/linea-blanca/est-gas-hotline-24-hlgr2420-4q-acero-tapa-vidrio-e-elect.html, $209.00 
ESTUFA A  GAS SAMSUNG NX52T5311LS/AP 30 6Q SILVER,https://raenco.com/departamentos/hogar/linea-blanca/est-gas-sams-nx52t5311ls-ap-30-6q-silver.html, $499.00 
ESTUFA EMPOTRABLE A GAS 36 WHIRLPOOL WP3550S,https://raenco.com/departamentos/hogar/linea-blanca/est-emp-gas-36-whp-wp3550s-acero-p-hierro-fund.html, $399.00 
ESTUFA EMPOTRABLE A  GAS 24  WHIRLPOOL WP2420S,https://raenco.com/departamentos/hogar/linea-blanca/est-emp-gas-24-whp-wp2420s-acero-p-hierro-fund.html, $199.00 
REFRIGERADORA SAMSUNG  RT35K5730SL 13 PIES CUBICOS,https://raenco.com/departamentos/hogar/linea-blanca/ref-sams-rt35k5730sl-13pc-gris-c-disp-inv.html, $519.00 
REFRIGERADORA SAMSUNG RT29K500JS8 11PC.  INV. ACERO,https://raenco.com/departamentos/hogar/linea-blanca/ref-sams-rt29k500js8-11pc-inv-acero.html, $419.00 
REFRIGERADORA LG  15PC GT40BDC INVERT S/DISP GRIS,https://raenco.com/departamentos/hogar/linea-blanca/ref-lg-15pc-gt40bdc-invert-s-disp-gris.html, $619.00 
"REFRIGERADORA LG GT32BDC.APZCCST 11, INVERT. S/DISP GRIS",https://raenco.com/departamentos/hogar/linea-blanca/ref-lg-gt32bdc-apzccst-11-invert-s-disp-gris.html, $499.00 
HORNO A GAS WHIRPOOL .24 WOA105F NEGRO/ESPEJO,https://raenco.com/departamentos/hogar/linea-blanca/horno-a-gas-whp-24-woa105f-negro-espejo.html, $399.00 
ESTUFA EMPOTRABLE A GAS WHIRLPOOL WP3040S 30,https://raenco.com/departamentos/hogar/linea-blanca/est-emp-gas-30-whp-wp3040s-acero-p-hierro-fund.html, $269.00 
REFRIGERADORA LG LT47BGP.APZCPNM 17 PLATINUM SILVER GRIS,https://raenco.com/departamentos/hogar/linea-blanca/ref-lg-lt47bgp-apzcpnm-17-platinum-silver-gris.html, $699.00 
REFRIGERADORA LG GS65MPP1 SIN DISPENSADOR,https://raenco.com/departamentos/hogar/linea-blanca/ref-lg-gs65mpp1-22pc-sxs-platinum-silver-s-disp.html," $1,199.00 "
ESTUFA GAS MABE 30 IO7686SS0 P/FUND. ACERO,https://raenco.com/departamentos/hogar/linea-blanca/est-gas-mabe-30-io7686ss0-p-fund-acero.html, $659.00 
ESTUFA A GAS WHIRLPOOL 30 LWFR3100B NEGRA,https://raenco.com/departamentos/hogar/linea-blanca/est-gas-whp-30-lwfr3100b-negra-p-alam.html, $349.00 
ESTUFA A GAS WHIRLPOOL 30 LWFR3400D GRIS P/HIERRO ACERO,https://raenco.com/departamentos/hogar/linea-blanca/est-gas-whp-30-lwfr3400d-gris-p-hierro-acero.html, $399.00 
ESTUFA A  GAS WHIRLPOOL 30 LWFR5000D GRIS,https://raenco.com/departamentos/hogar/linea-blanca/est-gas-whp-30-lwfr5000d-gris-p-hierro.html, $459.00 
CENTRO DE LAVADO MABE ELECTRICO MCL2040ESBB0 20KG BLANCO,https://raenco.com/departamentos/hogar/linea-blanca/cent-lav-mabe-elect-mcl2040esbb0-20kg-blanco.html," $1,099.00 "
ESTUFA A  GAS MABE 30 IO7686FES0 P/FUND. NEG. ACERO,https://raenco.com/departamentos/hogar/linea-blanca/est-gas-mabe-30-io7686fes0-p-fund-neg-acero.html, $679.00 
ESTUFA A GAS WHIRlPOOL 20 LWWR5000S ACERO,https://raenco.com/departamentos/hogar/linea-blanca/est-gas-whp-20-lwwr5000s-acero-p-hierro.html, $239.00 
EXTRACTOR DE GRASA DRIJA 36'' VETRO 90 T/CHIMENEA L/LED C/CONTROL NEG,https://raenco.com/departamentos/hogar/linea-blanca/extract-grasa-drija-36-vetro-90-t-chimenea-l-led-c-control-neg.html, $259.95 
EXTRACTOR DE GRASA DRIJA 30'' COMPACTA 76 NEGRO L/LED,https://raenco.com/departamentos/hogar/linea-blanca/extract-grasa-drija-30-compacta-76-negro-l-led.html, $85.95 
EST. ELEC. MESA IMUSA GAU-80312US 2Q 1750W,https://raenco.com/departamentos/hogar/linea-blanca/est-elec-mesa-imusa-gau-80312us-2q-1750w.html, $31.99 
EXTRACT/GRASA DRIJA 30'' SLIM TOUCH 76 ACERO PANEL TOUCH,https://raenco.com/departamentos/hogar/linea-blanca/extract-grasa-drija-30-slim-touch-76-acero-panel-touch.html, $119.00 
REFRIGERADORA WHIRLPOOL WT9014S 9PC ACERO,https://raenco.com/departamentos/hogar/linea-blanca/ref-whp-wt9014s-9pc-acero.html, $349.00 
ESTUFA A GAS ACROS 30 LAF6272D GRIS P-HIERRO,https://raenco.com/departamentos/hogar/linea-blanca/est-gas-acros-30-laf6272d-gris-p-hierro.html, $339.00 
SECADORA ELECTRICA WHIRLPOOL 7MWED1730JQ 18KG,https://raenco.com/departamentos/hogar/linea-blanca/secadora-elec-whp-7mwed1730jq-18kg.html, $449.00 
REFRIGERADORA NISATO NRF2151 7 PIES CUBICOS,https://raenco.com/departamentos/hogar/linea-blanca/ref-nisato-7-nrf2151-c-escarcha.html, $239.00 
ESTUFA A GAS NISATO NPRX-7565TELAF 5Q P/HIERRO,https://raenco.com/departamentos/hogar/linea-blanca/est-gas-nis-30-nprx-7565telaf-5q-p-hierro.html, $379.00 
REFRIGERADORA SAMSUNG RS22T5200S9 22PC SXS C/DISP,https://raenco.com/departamentos/hogar/linea-blanca/ref-sams-rs22t5200s9-22pc-sxs-c-disp-silver-inv.html," $1,099.00 "
REFRIGERADORA SAMSUNG RT46K6631SL/AP 16 PIES CUBICOS,https://raenco.com/departamentos/hogar/linea-blanca/ref-sams-rt46k6631sl-ap-16-c-disp-gris-inv.html, $699.00 
REFIGERADORA SAMSUNG RS27T5200B1 27PC SXS C/DISP,https://raenco.com/departamentos/hogar/linea-blanca/ref-sams-rs27t5200b1-27pc-sxs-c-disp-negra-inv.html," $1,299.00 "
REFRIGERADORA SAMSUNG  RT43K6630S8 15PC C/DISP. GRIS,https://raenco.com/departamentos/hogar/linea-blanca/ref-sams-rt43k6630s8-15pc-c-disp-gris.html, $599.00 
ESTUFA A GAS RCA 30 RCCC800  ACERO,https://raenco.com/departamentos/hogar/linea-blanca/est-gas-rca-30-rccc800-tipo-industrial-acero.html, $499.00 
EXTRACTOR DE GRASA WHIRPOOL WH7610D 30'',https://raenco.com/departamentos/hogar/linea-blanca/extract-grasa-whp-wh7610d-30.html, $109.00 
ESTUFA GAS RCA  30 RCCR7606 E/ELEC. Q/ACERO P/ACERO,https://raenco.com/departamentos/hogar/linea-blanca/est-gas-rca-30-rccr7606-e-elec-q-acero-p-acero.html, $369.00 
REF. WHP. 11' WRW32BKTWW/AKTWW C/DISP ACERO,https://raenco.com/departamentos/hogar/linea-blanca/ref-whp-11-wrw32bktww-aktww-c-disp-acero.html, $449.00 
ESTUFA A GAS RCA 30 RCCR7621 P/ACERO Q/BRONCE NEG.,https://raenco.com/departamentos/hogar/linea-blanca/est-gas-rca-30-rccr7621-p-acero-q-bronce-neg.html, $389.00 
ESTUFA EMPOTRABLE  ELECTRICA  DRIJA 24'' ALEMANIA 60 VITRO 4Q NGRA.,https://raenco.com/departamentos/hogar/linea-blanca/est-emp-elect-drija-24-alemania-60-vitro-4q-ngra.html, $309.00 
LAVAPLATO WHP. WDT970SAHZ  ACERO,https://raenco.com/departamentos/hogar/linea-blanca/lavaplato-whp-wdt970sahz-acero.html, $499.00 
VINERA DRIJA CABERNET 12 ACERO P.LED,https://raenco.com/departamentos/hogar/linea-blanca/vinera-drija-cabernet-12-acerop-led.html, $179.00 
ESTUFA A GAS NISATO NE-3035RELAF 6Q P/HIERRO,https://raenco.com/departamentos/hogar/linea-blanca/est-gas-nis-30-ne-3035relaf-6q-p-hierro-neg.html, $239.00 
ESTUFA EMPOTRABLE A GAS DRIJA 36 GENOVA 90 VIDRIO,https://raenco.com/departamentos/hogar/linea-blanca/est-emp-gas-drija-36-genova-90-vidrio.html, $519.00 
REFRIGERADORA WHIRLPOOL  25PC WRF555SDFZ FRENCH DOOR C/DISP ACERO,https://raenco.com/departamentos/hogar/linea-blanca/ref-whp-wrf555sdfz-25pc-french-door-c-disp-acero.html," $1,749.00 "
LAVADORA SAMSUNG WA13T5260BW 13KG BLANCA INVERTER,https://raenco.com/departamentos/hogar/linea-blanca/lav-sams-wa13t5260bw-13kg-blanca-inverter.html, $349.00 
ESTUFA EMPOTRABLE ELECTRICA DRIJA 30 ALEMANIA 76 INDUC.,https://raenco.com/departamentos/hogar/linea-blanca/est-emp-elect-drija-30-alemania-76-induc.html, $519.00 
LAVADORA SAMSUNG WA15T5260BW 15KG BLANCA INVERTER,https://raenco.com/departamentos/hogar/linea-blanca/lav-sams-wa15t5260bw-15kg-blanca-inverter.html, $379.00 
REFRIGERADORA SAMSUNG RT32K500JS8/AP 11 PIES CUBICOS,https://raenco.com/departamentos/hogar/linea-blanca/ref-sams-rt32k500js8-11pc-acero.html, $479.00 
REFRIGERADORA SAMSUNG RS27T5200S9 27PC SXS C/DISP,https://raenco.com/departamentos/hogar/linea-blanca/ref-sams-rs27t5200s9-27pc-sxs-c-disp-silver-inv.html," $1,259.00 "
HORNO A GAS DRIJA 24 EUROPA 60 ACERO,https://raenco.com/departamentos/hogar/linea-blanca/horno-gas-drija-24-europa-60-acero.html, $449.00 
REFRIGERADORA SAMSUNG RS28T5B00S9 28PC SXS SILVER INV.,https://raenco.com/departamentos/hogar/linea-blanca/ref-sams-rs28t5b00s9-28pc-sxs-silver-inv.html, $899.00 
HORNO ELECTRICO DRIJA EMPOTRABLE 24 EUROPA 60 ACERO,https://raenco.com/departamentos/hogar/linea-blanca/horno-elect-drija-emp-24-europa-60-acero.html, $359.00 
CALENTADOR ELETRICO TITAN 18LTS. N-120,https://raenco.com/departamentos/hogar/linea-blanca/calentador-eletrico-titan-18lts-n-120.html, $339.00 
SECADORA GAS LG DT22VSSG 22KG C FRONTAL GRIS 2-WAY DOOR,https://raenco.com/departamentos/hogar/linea-blanca/secadora-gas-lg-dt22vssg-22kg-c-frontal-gris-2-way-door.html, $729.00 
LAVADORA LG WT22BSS6H 22KG BLACK STEEL,https://raenco.com/departamentos/hogar/linea-blanca/lav-lg-wt22bss6h-22kg-black-steel.html, $749.00 
LAVADORA LG WT22VSS6H 22KG SILVER,https://raenco.com/departamentos/hogar/linea-blanca/lav-lg-wt22vss6h-22kg-silver.html, $729.00 
SECADORA GAS LG DT22BSSG 22KG C FRONTAL NEGRO,https://raenco.com/departamentos/hogar/linea-blanca/secadora-gas-lg-dt22bssg-22kg-c-frontal-negro.html, $749.00 
REFRIGERADORA SAMSUNG RS65R5691M9 22 PIES CUBICOS,https://raenco.com/departamentos/hogar/linea-blanca/ref-sams-rs65r5691m9-22pc-sxs-3ptas-c-disp-gris.html," $1,399.00 "
ESTUFA LG 30 GAS RSG313C 6Q P/HIERRO NEGRA,https://raenco.com/departamentos/hogar/linea-blanca/est-gas-lg-30-rsg313c-6q-p-hierro-negra.html, $679.00 
ESTUFA A GAS LG 30 RSG315T,https://raenco.com/departamentos/hogar/linea-blanca/est-gas-lg-30-rsg315t-6q-p-hierro-vidrio-silver.html, $899.00 
ESTUFA GAS MABE 30 EM7622BAPS1 GRIS P/HIERRO F.,https://raenco.com/departamentos/hogar/linea-blanca/est-gas-mabe-30-em7622baps1-gris-p-hierro-f.html, $239.00 
CALENTADOR ELECTRICO TITAN 160L 20LTS,https://raenco.com/departamentos/hogar/linea-blanca/calentador-electrico-titan-160l-20lts.html, $429.00 
HORNO GAS DRIJA 30 ROMA V/ESPEJO PINCHO GIRATORIO,https://raenco.com/departamentos/hogar/linea-blanca/horno-gas-drija-30-roma-v-espejo-pincho-giratorio.html, $579.00 
EXTRACTOR DE GRASA DRIJA 36'' COMPACTA 90 ACERO,https://raenco.com/departamentos/hogar/linea-blanca/extract-grasa-drija-36-compacta-90-acero-l-led-3f.html, $119.00 
REFRIGERADORA SAMSUNG RT53K6541SL/AP GRIS,https://raenco.com/departamentos/hogar/linea-blanca/ref-sams-rt53k6541sl-ap-gris-inver-c-disp.html, $799.00 
LAVADORA SAMSUNG WA20M3100AW BLANCO,https://raenco.com/departamentos/hogar/linea-blanca/lav-sams-wa20m3100aw-20kg-blanc.html, $549.00 
HORNO GAS DRIJA 24 OCEANIA 60 ACERO,https://raenco.com/departamentos/hogar/linea-blanca/horno-gas-drija-24-oceania-60-acero.html, $349.00 
REFRIGERADORA SAMSUNG RT53K6541BS/AP 19 PIES CUBICOS,https://raenco.com/departamentos/hogar/linea-blanca/ref-sams-rt53k6541bs-19pc-c-disp-inv-black-acero.html, $799.00 
LAV. SAMS. WA19T6260BV 19KG INV. NEGRA,https://raenco.com/departamentos/hogar/linea-blanca/lav-sams-wa19t6260bv-19kg-inv-negra.html, $499.00 
HORNO ELECT. DRIJA 36 AMERICA 90 220V,https://raenco.com/departamentos/hogar/linea-blanca/horno-elect-drija-36-america-90-220v.html, $599.00 
REF. SAMS. RL4363SBAS8 15PC BOTTOM MOUNT  C/DISP. GRIS,https://raenco.com/departamentos/hogar/linea-blanca/ref-sams-rl4363sbas8-15pc-bottom-mount-c-disp-gris.html, $739.00 
ESTUFA A GAS NISATO NE-3015R P/ALAM. COPET,https://raenco.com/departamentos/hogar/linea-blanca/est-gas-nis-30-ne-3015r-p-alam-copet-blanc.html, $209.00 
EXTRACT/GRASA DRIJA 36'' COMPACTA 90 NEGRA L/LED 3F,https://raenco.com/departamentos/hogar/linea-blanca/extract-grasa-drija-36-compacta-90-negra-l-led-3f.html, $99.95 
LAV. SANKEY WM-5073 5KG S/BOMBA T/AZUL TRANSP.,https://raenco.com/departamentos/hogar/linea-blanca/lav-sankey-wm-5073-5kg-s-bomba-t-azul-transp.html, $129.00 
EST. GAS SAMS 30 NX58N5605SS CONVECTION (17K BTU),https://raenco.com/departamentos/hogar/linea-blanca/est-gas-sams-30-nx58n5605ss-convection-17k-btu.html, $879.00 
LAVADORA SECADORA SANKEY WMF15INDU 15KLS./10KLS.,https://raenco.com/departamentos/hogar/linea-blanca/lav-sec-sankey-wmf15indu-15kls-10kls.html, $519.00 
',https://raenco.com/departamentos/hogar/linea-blanca/lav-sams-wa22r7450aw-22-kg-blca-invert.html, $499.00 
EST. ELEC. SAMS 30 NE59M4310SS VITRO 5Q,https://raenco.com/departamentos/hogar/linea-blanca/est-elec-sams-30-ne59m4310ss-vitro-5q.html, $599.00 
CONGELADOR NISATO NCH-76 7.5' D.AC/75,https://raenco.com/departamentos/hogar/linea-blanca/cong-nisato-nch-76-7-5-d-ac-75-dob-accion.html, $309.00 
ESTUFA GAS 24 NISATO NE-2464RMS P/H FUNDIDO,https://raenco.com/departamentos/hogar/linea-blanca/est-gas-24-nisato-ne-2464rms-p-h-fundido.html, $189.00 
REFRIGERADORA SAMSUNG 28PC RF28T5A01S9 FRENCH DOOR SILVER,https://raenco.com/departamentos/hogar/linea-blanca/ref-sams-rf28t5a01s9-28pc-french-door-silver.html," $1,199.00 "
REFRIGERADORA SAMSUNG RT62K7110SL/AP 20 PIES CUBICOS,https://raenco.com/departamentos/hogar/linea-blanca/ref-sams-rt62k7110sl-ap-20-c-disp-inverter.html, $899.00 
LAVADORA AUTOMATICA SANKEY  WM-A1378PG 13KG GRIS,https://raenco.com/departamentos/hogar/linea-blanca/lav-sankey-auto-wm-a1378pg-13kg-gris.html, $279.00 
EST. GAS SAMS 30 NX60T8115SS (NX9000T T-SLIDE IN)  WIFI,https://raenco.com/departamentos/hogar/linea-blanca/est-gas-sams-30-nx60t8115ss-nx9000t-t-slide-in-wifi.html, $949.00 
EST. ELEC. SAMS 30 NE59M4320SS VITRO CONVECTION 5Q,https://raenco.com/departamentos/hogar/linea-blanca/est-elec-sams-30-ne59m4320ss-vitro-convection-5q.html, $699.00 
"LAVADORA SAMSUNG CARGA FRONTAL  WF22R6270AW 22KG BLANCA, INVERTER",https://raenco.com/departamentos/hogar/linea-blanca/lav-sams-carga-ftl-wf22r6270aw-22kg-blanca-inverter.html, $709.00 
"LAVADORA SAMSUNG CARGA FRONTAL  WF20T6000AW 20KG BLANCA, INVERTER",https://raenco.com/departamentos/hogar/linea-blanca/lav-sams-carga-ftl-wf20t6000aw-20kg-blanca-inverter.html, $659.00 
LAVADORA SEMIAUT. NISATO WM-1110PMD 11KG,https://raenco.com/departamentos/hogar/linea-blanca/lav-s-aut-nisato-wm-1110pmd-11kg-blanca-con-bomba.html, $199.00 
ESTUFA GAS LG 30 RSG314S.FBKFGSS 6QUEM.,https://raenco.com/departamentos/hogar/linea-blanca/est-gas-lg-30-rsg314s-fbkfgss-6quem.html, $749.00 
SECADORA GAS SAMS. DV22R7450PW 22KG BLCA,https://raenco.com/departamentos/hogar/linea-blanca/secadora-gas-sams-dv22r7450pw-22kg-blca.html, $599.00 
EST.GAS MESA NISATO NE2-02A 2Q,https://raenco.com/departamentos/hogar/linea-blanca/est-gas-mesa-nisato-ne2-02a-2q.html, $19.95 
LAVADORA WHP 16KLS 8MWTW1612MJQ,https://raenco.com/departamentos/hogar/linea-blanca/lav-whp-16kls-8mwtw1612mjq.html, $379.00 
LAVADORA  SAMSUNG  WA19R7G4UWW 19KG BLCA,https://raenco.com/departamentos/hogar/linea-blanca/lav-sams-wa19r7g4uww-19kg-blca.html, $459.00 
LAVADORA WHIRLPOOL 8MWTW2024MJM 20KG BLANCA,https://raenco.com/departamentos/hogar/linea-blanca/lav-whp-8mwtw2024mjm-20kg-blanca.html, $479.00 
LAVADORA WHIRLPOOL 24KG IMPELLER 8MWTWLA41WJG GRIS,https://raenco.com/departamentos/hogar/linea-blanca/lav-whp-24kg-impeller-8mwtwla41wjg-gris.html, $549.00 
ESTUFA EMPOTRABLE A GAS DRIJA 36 MILAN 90 5Q. ACERO,https://raenco.com/departamentos/hogar/linea-blanca/est-emp-gas-drija-36-milan-90-5q-acero.html, $269.00 
EXTRACTOR DE GRASA DRIJA 24 COMPACTA 60 NEGRO,https://raenco.com/departamentos/hogar/linea-blanca/extract-grasa-drija-24-compacta-60-negro.html, $79.99 
SECADORA A GAS LG DF20WV 20KLS C FRONTAL BLANCA,https://raenco.com/departamentos/hogar/linea-blanca/secadora-gas-lg-df20wv-20kls-c-frontal-blanca.html, $699.00 
SECADORA GAS SAMSUNG  DV20M3100PW 20KG,https://raenco.com/departamentos/hogar/linea-blanca/secadora-gas-sams-dv20m3100pw-20kg.html, $479.00 
LAVADORA WHIRLPOOL CARGA FTL 7MWFW6621HC 21KG GRIS,https://raenco.com/departamentos/hogar/linea-blanca/lav-whp-carga-ftl-7mwfw6621hc-21kg-gris.html," $1,049.00 "
REFRIGERADORA SAMSUNG RT46K6000S8 16PC INV. GRIS,https://raenco.com/departamentos/hogar/linea-blanca/ref-sams-rt46k6000s8-16pc-inv-gris.html, $649.00 
ESTUFA GAS 20  NIS. NE2023TVLE BLC. P/HIERRO/F TAPA VIDRIO,https://raenco.com/departamentos/hogar/linea-blanca/est-gas-20-nis-ne2023tvle-blc-p-hierro-f-tapa-vidrio.html, $129.00 
PURIFICADOR DE AIRE WHIRLPOOL WAP1038Q FILTRO LAV.,https://raenco.com/departamentos/hogar/linea-blanca/purificador-de-aire-whp-wap1038q-filtro-lav.html, $179.00 
LAVDORA SAMSUNG WA19T6260BY 19KG INV. GRIS,https://raenco.com/departamentos/hogar/linea-blanca/lav-sams-wa19t6260by-19kg-inv-gris.html, $499.00 
LAV. SAMS. WA17T6260BY 17KG  GRIS  INVERT.,https://raenco.com/departamentos/hogar/linea-blanca/lav-sams-wa17t6260by-17kg-gris-invert.html, $459.00 
DESHUMIFICADOR WHIRLPOOL WAD2005Q 20LT BLANCO,https://raenco.com/deshum-whp-wad2005q-20lt-blanco.html, $299.00 
