Marca,Title,Title_url,Price
Sankey,"Sankey CLED32DV01 Televisores LED Basico 32"" HD|Ver todos los detalles",https://rodelag.com/collections/televisores-led/products/televisor-led-de-32-sankey|https://rodelag.com/collections/televisores-led/products/televisor-led-de-32-sankey,$144.98|$169.99
Sankey,"Sankey Cled-40Sdv2 Televisores LED Smart 40"" Full HD|Ver todos los detalles",https://rodelag.com/collections/televisores-led/products/televisor-led-de-40-sankey|https://rodelag.com/collections/televisores-led/products/televisor-led-de-40-sankey,$209.98|$259.99
Sankey,"Sankey CLED-32SDV2 Televisores LED Smart 32"" HD|Ver todos los detalles",https://rodelag.com/collections/televisores-led/products/televisor-led-de-32-sankey-1|https://rodelag.com/collections/televisores-led/products/televisor-led-de-32-sankey-1,$159.99|$189.99
Sankey,"Sankey CLED-50SDV3 Televisores LED Smart 50"" Full HD|Ver todos los detalles",https://rodelag.com/collections/televisores-led/products/televisor-led-de-50-sankey|https://rodelag.com/collections/televisores-led/products/televisor-led-de-50-sankey,$319.98|$339.99
Mystic,"Mystic MY-3240T Televisores LED Basico 32"" HD|Ver todos los detalles",https://rodelag.com/collections/televisores-led/products/televisor-32plg-mystic-dvbt-mt-3240t|https://rodelag.com/collections/televisores-led/products/televisor-32plg-mystic-dvbt-mt-3240t,$115.98|$129.99
Samsung,"Samsung UN32T4300APXPA Televisores LED Smart 32"" HD",https://rodelag.com/collections/televisores-led/products/televisor-led-smart-32-hd-samsung,$229.99
Sankey,"Sankey Cled-42Sdv2 Televisores LED Smart 42""",https://rodelag.com/collections/televisores-led/products/sankey-cled-42sdv2-televisores-led-smart-42,$229.98|$299.99
Samsung,"Samsung UN50TU7000PXPA Televisores LED Smart 50"" 4K",https://rodelag.com/collections/televisores-led/products/tv-led-50-un50tu7000pxpa,$409.98|$589.99
Lg,"LG 32LM630 Televisores LED Smart 32"" HD|Ver todos los detalles",https://rodelag.com/collections/televisores-led/products/televisor-led-hd-80cm-32-ai-smart-tv-marca-lg|https://rodelag.com/collections/televisores-led/products/televisor-led-hd-80cm-32-ai-smart-tv-marca-lg,$229.99
Samsung,"Samsung UN65NU7090PXPA Televisores LED Smart 65"" 4K|Ver todos los detalles",https://rodelag.com/collections/televisores-led/products/televisor-inteligente-uhd-4k-nu7090-de-65-pulgadas-samsung|https://rodelag.com/collections/televisores-led/products/televisor-inteligente-uhd-4k-nu7090-de-65-pulgadas-samsung,$669.98|$799.99
Lg,"LG 50Un7300Psc Televisores LED Smart 50"" 4K",https://rodelag.com/collections/televisores-led/products/televisores-led-smart-50-4k-lg-50un7300psc,$479.99|$569.99
Samsung,"Samsung UN43TU7000PXPA Televisores LED Smart 43"" 4K",https://rodelag.com/collections/televisores-led/products/tv-led-43-un43tu7000pxpa,$349.98|$399.99
Samsung,"Samsung UN55TU7000PXPA Televisores LED Smart 55"" 4K",https://rodelag.com/collections/televisores-led/products/tv-led-55-un55tu7000pxpa,$509.98|$559.99
Sankey,"Sankey Cled-55Sdv5 Televisores LED Smart 55"" Full HD",https://rodelag.com/collections/televisores-led/products/sankey-cled-55sdv5-televisores-led-smart-55-4k,$349.98|$439.99
Sankey,"Sankey Cled-55Dv01 Televisored LED Basico 55""",https://rodelag.com/collections/televisores-led/products/sankey-cled-55dv01-televisored-led-basico-55,$279.99|$329.99
Samsung,"Samsung UN50RU7100PXPA Televisores LED Smart 50"" 4K|Ver todos los detalles",https://rodelag.com/collections/televisores-led/products/televisor-inteligente-led-50-uhd-4k-samsung|https://rodelag.com/collections/televisores-led/products/televisor-inteligente-led-50-uhd-4k-samsung,$399.98|$499.99
Samsung,"Samsung Un65Tu7000Pxpa Televisores LED Smart 65"" 4K",https://rodelag.com/collections/televisores-led/products/tv-led-65-un65tu7000pxpa,$699.98|$829.99
Mystic,"Mystic My-S55102T Televisores LED Smart 55"" 4K",https://rodelag.com/collections/televisores-led/products/mystic-my-s55102t-televisores-led-smart-55-4k,$409.98|$419.99
Mystic,"Mystic My-S65102T Televisores LED Smart 65"" 4K",https://rodelag.com/collections/televisores-led/products/mystic-my-s65102t-televisores-led-smart-65-4k,$539.99
Samsung,"Samsung UN58TU7000PXPA Televisores LED Smart 58"" 4K",https://rodelag.com/collections/televisores-led/products/tv-led-58-un58tu7000pxpa,$519.98|$579.99
Lg,"LG 65Un7300Psc Televisores LED Smart 65"" 4K",https://rodelag.com/collections/televisores-led/products/tv-led-65-65un7300psc,$679.98|$899.99
Samsung,"Samsung Un75Tu7000Pxpa Televisores LED Smart 75"" UHD",https://rodelag.com/collections/televisores-led/products/samsung-un75tu7000pxpa-televisores-led-smart-75-uhd,"$1,149.98|$1,249.99"
Lg,"LG OLED65E7T Televisores LED Smart 65"" 4K|Ver todos los detalles",https://rodelag.com/collections/televisores-led/products/televisor-smart-oled-4k-65-lg|https://rodelag.com/collections/televisores-led/products/televisor-smart-oled-4k-65-lg,"$2,799.99"
Sankey,"Sankey CLED70SDH1 Televisores LED Smart 70"" 4K",https://rodelag.com/collections/televisores-led/products/tv-led-70-smart-cled70sdh1,$669.98|$749.99
Hp,"HP 14-Dq1001La 14"" Laptop Core I3-1005G1 4GB 256GB S...",https://rodelag.com/collections/all/products/laptop-hp-14-dq1001la,$489.99
Microsoft,Microsoft Ms Mouse Bluetooth Monza Gray,https://rodelag.com/collections/all/products/microsoft-ms-mouse-bluetooth-monza-gray,$19.99