Price,Marca,Title,Title_url
$799.99,Samsung,Samsung Refrigeradora 19 Pc Top Mount RT53K6541SL/AP...|Ver todos los detalles,https://rodelag.com/collections/linea-blanca/products/refrigeradora-19pc-samsung|https://rodelag.com/collections/linea-blanca/products/refrigeradora-19pc-samsung
$549.99,Samsung,Samsung Secadora 18 Kg Gas Dv18H5000Gw Blanco Ecodry...|Ver todos los detalles,https://rodelag.com/collections/linea-blanca/products/secadora-dv5000h-con-eco-dry-de-18-kg-samsung|https://rodelag.com/collections/linea-blanca/products/secadora-dv5000h-con-eco-dry-de-18-kg-samsung
$29.99,Samsung,Samsung Accesorio de Lavado SKK-7A Stacking Kit Para...|Ver todos los detalles,https://rodelag.com/collections/linea-blanca/products/apilamiento-kit-para-tv-27-skk-7a-samsung|https://rodelag.com/collections/linea-blanca/products/apilamiento-kit-para-tv-27-skk-7a-samsung
$179.99,Mystic,"Mystic Estufa Gas 30"" MY-SF6QB150-B Con Horno 6 Quem...|Ver todos los detalles",https://rodelag.com/collections/linea-blanca/products/mystic-estufa-gas-30-my-sf6qb150-b-con-horno-6-quemadores-horno-facil-limpieza-parilla-de-hierro-fundido-quemadores-tapa-bronze-tapa-de-vidrio-empaque-de-caja|https://rodelag.com/collections/linea-blanca/products/mystic-estufa-gas-30-my-sf6qb150-b-con-horno-6-quemadores-horno-facil-limpieza-parilla-de-hierro-fundido-quemadores-tapa-bronze-tapa-de-vidrio-empaque-de-caja
$559.99,Samsung,Samsung Refrigeradora 15 Pc Top Mount RT43K6630S8/AP...|Ver todos los detalles,https://rodelag.com/collections/linea-blanca/products/refrigerador-con-congelador-superior-con-twin-cooling-plus-%E2%84%A2-de-16-pies-cubicos-samsung|https://rodelag.com/collections/linea-blanca/products/refrigerador-con-congelador-superior-con-twin-cooling-plus-%E2%84%A2-de-16-pies-cubicos-samsung
$699.99,Lg,LG Secadora Carga Frontal Gas 20 Kilos DF20WV2W Blan...,https://rodelag.com/collections/linea-blanca/products/lg-secadora-carga-frontal-gas-20-kilos-df20wv2w-blanco-10-programas-de-secado-sensor-dry-tecnologia-smartthinq
$349.99,Samsung,Samsung Lavadora 13 Kg Carga Superior Wa13T5260Bw/Ap...,https://rodelag.com/collections/linea-blanca/products/samsung-lavadora-13-kg-carga-superior-wa13t5260bw-ap-blanco-tambor-de-acero-inoxidable
$479.99,Samsung,Samsung Refrigeradora 12 Pc Top Mount RT32K500JS8/AP...|Ver todos los detalles,https://rodelag.com/collections/linea-blanca/products/refrigerador-rt32k500js8-ap-con-compresor-digital-inverter%E2%84%A2-de-11-cu-ft|https://rodelag.com/collections/linea-blanca/products/refrigerador-rt32k500js8-ap-con-compresor-digital-inverter%E2%84%A2-de-11-cu-ft
$379.99,Samsung,Samsung Lavadora 17 Kg Carga Superior WA17R7G4UWW/AP...|Ver todos los detalles,https://rodelag.com/collections/linea-blanca/products/lavadora-wa17r7g4uww-con-filtro-magico-de-17-kg-samsung|https://rodelag.com/collections/linea-blanca/products/lavadora-wa17r7g4uww-con-filtro-magico-de-17-kg-samsung
$249.99,Arc,Arc Calentador de Paso Gas 20 Lt Jsd40-Nb Gris Capac...|Ver todos los detalles,https://rodelag.com/collections/linea-blanca/products/calentador-a-gas-20lts-arc|https://rodelag.com/collections/linea-blanca/products/calentador-a-gas-20lts-arc
$499.99,Lg,LG Refrigeradora 11Pc GT32WDC Dispensador de Agua Do...,https://rodelag.com/collections/linea-blanca/products/lg-refrigeradora-11pc-gt32wdc-dispensador-de-agua-door-cooling-linear-cooling-smart-diagnosis-inverter
$469.99,Whirlpool,Whirlpool Lavadora 21 Kg Carga Superior WTW4850HW Bl...|Ver todos los detalles,https://rodelag.com/collections/linea-blanca/products/lavadora-carga-superior-blanco-21-kg-whirlpool|https://rodelag.com/collections/linea-blanca/products/lavadora-carga-superior-blanco-21-kg-whirlpool
"$1,999.99",Samsung,Samsung Refrigeradora 27 Pc Side By Side RS27T5561B1...|Ver todos los detalles,https://rodelag.com/collections/linea-blanca/products/refrigerador-rs27t5561b1-side-by-side-con-tecnologia-digital-inverter-de-782-l-samsung|https://rodelag.com/collections/linea-blanca/products/refrigerador-rs27t5561b1-side-by-side-con-tecnologia-digital-inverter-de-782-l-samsung
$459.99,Whirlpool,"Whirlpool Estufa 30"" Gas LWFR5000D Acero I|Ver todos los detalles",https://rodelag.com/collections/linea-blanca/products/estufa-de-6-quemadores-30-a-gas-color-gris-whirlpool|https://rodelag.com/collections/linea-blanca/products/estufa-de-6-quemadores-30-a-gas-color-gris-whirlpool
$989.99,Mabe,Mabe Centro de Lavado Gas 17 Kg MCL1740PSBB02 Blanco...|Ver todos los detalles,https://rodelag.com/collections/linea-blanca/products/centro-de-lavado-a-gas-mabe|https://rodelag.com/collections/linea-blanca/products/centro-de-lavado-a-gas-mabe
$699.99,Lg,LG Secadora Carga Frontal Electrica 22 Kilos DF22VV2...,https://rodelag.com/collections/linea-blanca/products/lg-secadora-carga-frontal-electrica-22-kilos-df22vv2sbe-sistema-a-vapor-turbosteam-sensor-de-secado-sensor-de-bloqueo-flow-sense
$699.99,Lg,LG Secadora Carga Frontal Electrica 22 Kilos DF22WV2...,https://rodelag.com/collections/linea-blanca/products/lg-secadora-carga-frontal-electrica-22-kilos-df22wv2e-gris-sistema-a-vapor-turbosteam-sensor-de-secado-sensor-de-bloqueo-flow-sense
$699.99,Samsung,Samsung Refrigeradora 16 Pc Top Mount RT46K6631S/Ap ...|Ver todos los detalles,https://rodelag.com/collections/linea-blanca/products/refrigeradora-16pc-samsung|https://rodelag.com/collections/linea-blanca/products/refrigeradora-16pc-samsung
$999.99,Samsung,Samsung Refrigeradora 22 Pc Side By Side RS22T5200S9...|Ver todos los detalles,https://rodelag.com/collections/linea-blanca/products/refrigerador-side-by-side-de-22-cu-ft-con-despachador-de-agua-y-hielo|https://rodelag.com/collections/linea-blanca/products/refrigerador-side-by-side-de-22-cu-ft-con-despachador-de-agua-y-hielo
$479.99,Samsung,Samsung Refrigeradora 12 Pc Top Mount Rt32K5710S8/Ap...|Ver todos los detalles,https://rodelag.com/collections/linea-blanca/products/refigeradora-12pc-samsung|https://rodelag.com/collections/linea-blanca/products/refigeradora-12pc-samsung
$599.99,Samsung,Samsung Lavadora 18 Kg Carga Frontal Wf18H5000Aw Bla...|Ver todos los detalles,https://rodelag.com/collections/linea-blanca/products/lavadora-wf5000h-carga-frontal-de-18-kg-samsung|https://rodelag.com/collections/linea-blanca/products/lavadora-wf5000h-carga-frontal-de-18-kg-samsung
$599.99,Samsung,"Samsung Estufa 30"" Electrico NE59M4310SS/AA|Ver todos los detalles",https://rodelag.com/collections/linea-blanca/products/estufa-electrica-con-gran-capacidad-de-5-9-cu-ft-samsung|https://rodelag.com/collections/linea-blanca/products/estufa-electrica-con-gran-capacidad-de-5-9-cu-ft-samsung
$639.99,Samsung,Samsung Secadora Gas 20Kg Dv20T6000Pw/ Blanco Sensor...,https://rodelag.com/collections/linea-blanca/products/sams-sec-gas-20kg-dv20t6000pw
$489.99,Whirlpool,Whirlpool Refrigeradora Top Mount 13Pc WT1333D Acero...|Ver todos los detalles,https://rodelag.com/collections/linea-blanca/products/whirl-refri-13pc-wt1333d|https://rodelag.com/collections/linea-blanca/products/whirl-refri-13pc-wt1333d
$489.99,Hp,"HP 14-Dq1001La 14"" Laptop Core I3-1005G1 4GB 256GB S...",https://rodelag.com/collections/all/products/laptop-hp-14-dq1001la
$19.99,Microsoft,Microsoft Ms Mouse Bluetooth Monza Gray,https://rodelag.com/collections/all/products/microsoft-ms-mouse-bluetooth-monza-gray